,heure_sin,heure_cos,jour_sin,jour_cos,semaine_cos,semaine_sin,mois_sin,mois_cos,is_weekend,is_jour_ferie,is_vacances_scolaires,is_greve,is_covid,temp,precip_mm,wind_kmh,weather_code,nb_events,rang_station,lag_1h,lag_24h,lag_7j
0,0.00812466467055732,0.004861225556910702,0.0053435353343743875,-0.0068609569677996985,-0.007227929132602773,-0.00015308191706498066,0.00511655727689548,0.009653589554533996,0.002156467234834825,0.002250755938859804,-0.03646684379050691,0.00569193566171726,0.0018075427251224995,0.0007439378446246944,0.00012507424919548603,-3.6248115886830706e-05,-0.0008863530353325021,0.0001937013674030662,0.00100713177257228,0.38289899233679053,0.01601682265662015,0.006149204990216961
1,0.12314534944732154,-0.012685299550050261,0.005803467331551972,-0.013262112529719353,0.0037287380528550056,0.025448901409561783,0.0413841878318986,-0.0021464053433813573,-0.006448312137840421,0.002335500795965671,0.0058635601537686015,0.0011639333344796179,0.0017099277647114948,-0.0032756481914368307,-0.0001647277182478403,0.00022980112244686937,6.866528561703563e-05,0.007575387770143288,0.07678456119587523,2.3112956162336005,0.3646740467103302,-0.023867503809630358
2,-0.028725974277153895,-0.023562629244172864,0.01274433849260769,-0.004966230316178073,0.002932177089969711,0.006862229238419499,0.004953886343707403,0.0036488827815224774,0.004320925234814671,0.002220851249225506,0.012364751367804447,0.007168538470827358,0.001830389779473627,0.001434828274450802,0.00011756425467481047,0.0005146104342809289,0.001400632949672981,0.002250706283478772,0.00639034609470815,0.6009794658394019,0.030135685906406914,0.12573352078987943
3,0.0014385045206195604,0.0060741456624120995,0.009462803442803511,-0.005971558334688806,0.003977973984549059,-0.008127184371561036,0.0015242415070895136,0.004209646055068984,0.0032929439025479955,0.001945384863639088,0.009960614845474365,0.006207722102403745,0.0017769167894099705,-5.229811799037148e-05,9.786176695495749e-05,0.0002589741482034628,0.0009953319207599905,-0.00023084508532083387,0.00104832414960606,0.5567001147227802,0.03977367972406777,0.03626819786875974
4,-0.006689610937820221,-0.002842840352315277,0.0070400145625041585,-0.007494117986570307,0.004314759819491977,-0.005316408002455983,0.0015649149935868393,-7.537397600359649e-05,0.004486802822459454,0.002299190253408219,0.012457277641683024,0.006333420112400265,0.0018332869454339002,0.0001220760038499943,0.00011778219542877508,0.0008128975369170823,-0.0007676341734556112,0.002753608113032327,3.761494377232878e-05,0.4847129819063613,0.027110142568390855,0.02776155927451799
5,-0.0048912211310392075,-0.00422557009678391,0.00710824439034534,-0.0077747806128265155,0.00468430950083592,-0.0040915076612244965,0.0021235604148259744,0.000140353282230581,0.004773181815728726,0.002237322344117236,0.012494110302856945,0.006253863913551544,0.0018205807327940178,0.0007430385690774564,4.8767975122357294e-05,-5.2596192295341545e-05,-0.0006885995747501797,-0.0006853276804350861,2.0755443577614202e-05,0.41606114633685404,0.02832910981290129,0.026194095915242892
6,-0.0025461871776729507,-0.0005739170075055701,0.003965652831661766,-0.005968710068653443,0.006124767858752867,-0.006293195450255573,0.0010608488216696682,8.364324798229864e-06,0.0020422604039166395,0.0020261696592784417,-0.02895761141413849,0.005998052173483195,0.0019581543524661692,0.0009090994367544147,0.00013545566698599607,0.00016686965544565797,-0.0005869273250645374,-0.00017567048466632167,0.0009157341091925718,0.07566407567078501,0.017718539613712767,0.02617338345020827
7,-0.00209570087473017,-0.0002457146947948396,0.0021199393401761238,-0.00535073054352619,0.003587247071700047,-0.00477014056949181,0.0018285563439745273,0.0003848680269315951,0.0005931355705298402,0.0021175271153870074,-0.019613605317071955,0.006694492306408814,0.0027572855730583295,0.0015541321903795307,0.00016691526315639062,0.00015438253541273585,-0.000759500701443482,-0.0006269340299791676,0.0004742537563840749,-0.04399721551645913,-0.026303139638643887,0.0012846054746885529
8,0.00825760811054208,0.008801330867238139,0.006180843126855924,-0.009771306524167609,0.002283489885493767,-0.005027784110692177,0.00043330505557838465,8.739439882355976e-05,0.004380568273538378,0.0020837604880174477,0.01042229943820027,0.006156784752622338,0.0024697506853169154,0.0007423642471360099,4.042056387590119e-05,-0.00022108003666394794,-0.0004662071144606701,-0.0014183977962447922,0.00028289725859119614,0.5685074594094424,0.03164708749475527,-0.023294020786566016
9,0.007705671363400356,0.0010210496964582932,0.00873523852965718,-0.0056543922851637705,0.0036921058336549526,-0.0024162809565516728,0.00129229737058644,0.00038459075191142204,0.004051530251296062,0.0019155562950896052,0.008859852833998821,0.006261846612791884,0.0022623973627785266,0.0009910595002578413,7.980263256081366e-05,0.0001015242634032645,-0.00035421079957106543,0.0025935424420435883,0.003204530515659787,0.9045513887016083,0.06986342709836565,0.018615027253576444
10,-0.010677545706891925,-0.00780330209477761,0.009566696029676941,-0.003522933915912224,0.004118481084119873,-0.0030943390606735324,0.0011534608834570992,0.00038377831553817473,0.0061494679698020195,0.0018185387096948695,0.011112223673336192,0.006208336687820331,0.002313160387173513,0.00014713724015023163,4.9141152437328964e-05,4.630160413664465e-05,-0.0005755676991264686,0.0012808363954856731,0.00039784152578174444,0.5103855769821463,0.06080926565087851,0.07625720295093856
11,0.0075782933630600255,-0.002708801078452,0.006970768425907348,-0.006131123398496598,0.002897935705141031,-0.004693646822068739,0.0011029023316447184,-0.0002606145438740082,0.003293425082141606,0.001830862291247049,0.00860404578861796,0.005930313573308361,0.0023350527789167946,-0.0002926937402028078,0.00010636582593410158,4.826554176931527e-05,0.0011269025847099436,0.0025418357721173185,0.000829500742104681,0.7341342550141637,0.06266108062618575,0.011445341062454312
12,0.0010164067128112715,0.0020519630609527268,0.010616753711005214,-0.0033962324750974908,0.0041248175963267695,-0.007690993419343396,-8.2586451471857e-06,0.00016051917624279046,0.005122866317342059,0.0018651575935863948,0.011076934654495732,0.006200332453929198,0.002272834587938396,0.0015078877398434526,0.00010603433497390408,0.00033418248801635663,-0.0011026558539286445,-2.797679125649909e-05,0.0010523508460318137,0.439467391456929,0.06010292764450895,0.05955349970267457
13,0.008507786765992724,-0.002397115704973702,0.007427869560712156,-0.006897262525262407,0.0038189155633057644,-0.005792408970554979,0.002240912547829563,-0.0007484205907542713,0.003712491920506716,0.0017821712893847808,0.008604870750389132,0.005805472794916575,0.0019428488738274772,0.00023215179019990239,7.937236975978778e-05,-0.0003097369243104455,-0.00122878411759334,0.00046099856454699537,0.0004048587047789843,0.6425859920757916,0.0505466133312283,0.003635900312388435
14,0.13474037173783493,-0.007597830134486649,0.00725351667316911,-0.012961321552114703,0.004215518033265248,0.03061550703964853,0.03416568177831069,0.016481112215728455,-0.010277356884936363,0.0020421394792079503,-0.028131582270192166,0.00034357056651015055,0.0017472856619909734,0.03572785343161918,0.00021024656626505176,-0.0005000824816380396,0.00016773664352593033,0.0024229885151026225,0.07628218824894556,2.3532202354991716,0.3348003733008682,-0.032983008646666444
15,-0.03190758479515592,-0.02478556300203783,0.006999698192669314,-0.0028715154108937134,0.006777668357307405,0.007766574660199094,0.005040836748633232,-0.00019109041907888866,0.0020918299484957285,0.0018642099257485257,-0.03710663580232981,0.0064167541188343506,0.0019768354844898655,0.0009107665934408215,8.479641276384458e-05,5.4937240325375465e-05,-0.000594663038959935,-0.00010983433476689872,0.006126184591691517,0.12405748759558288,0.014002593114168179,0.12140908208220677
16,0.004719857314016934,0.0002438097499390089,0.005883583762654748,-0.006146425344984671,0.0020935440293602956,-0.0033629483691870695,0.0030905791641596776,-0.0010872609334818817,0.0034449636323700445,0.0018193275755145702,0.009546062776500726,0.00564480552261115,0.0020794457832932914,3.9936119876946143e-05,0.0001549630592045194,1.9280382857934536e-05,0.0003943822887808148,0.006816578154427629,0.0004594433157247086,0.5958877579429879,0.06086291860886709,-0.014128276807897595
17,-0.001052116184905292,-0.0055109208249217514,0.007050234290438349,-0.006415602970934342,0.001860778853654005,-0.002304348164376732,0.0036965072325034266,0.00248671467518295,0.004713385383127253,0.00240404011653303,0.01355511686827764,0.006497246681654999,0.0019059440683849632,0.0006495072042138259,-0.0019512984808000686,0.00010657507813434858,-0.0016094466231000477,-0.0017164809100693192,0.0001390876431286495,0.4485255488107141,0.02890800629016627,0.04072552507136363
18,0.06288103926050227,0.0015992007524586078,-0.015377587873781753,-0.015831596850562638,0.0031331244418507,0.026121254821446806,-0.005756044423251451,0.016042766621643657,-0.006300077413483059,0.0028526253930060757,0.0066070328567640795,0.003592292277854527,0.003149877915362366,0.04080611883738055,0.00014782588401262377,-0.0003767495179855095,-0.0009311408037073635,-0.0008882329952745207,0.07624619197881617,2.0628468433616165,-0.13415474653419443,-0.02522500012026246
19,-0.026133193643142545,-0.02362872485981023,0.009473217883936125,-0.003632470949629783,-0.0042895291942325504,0.014460189414405371,0.006697396931354727,0.0008114982606600623,0.006575959868883866,0.001859755727273835,0.010677404924236243,0.006366873242690377,0.0018386222945979218,-0.0005852572076298503,-0.0014381430412172226,0.0008701539587235259,-0.0017525967582257174,0.001798942206966724,0.006683222002330258,0.6052812841817696,0.05217527218687062,0.1258478115626346
20,0.012669244546597985,0.004334470780785198,0.007099027626681253,-0.004771612166450291,-0.0047984431137013586,-0.004104613846892508,0.003234162134251668,0.0013389325315470845,0.004434640073390225,0.0019379611279835667,0.009663039606440226,0.006057079427458044,0.0018112773437977475,6.0974468976134575e-05,-0.0016466683942273396,0.00036859037263893725,-0.00016277749502341269,-7.418753938099238e-05,0.002099131990216288,0.7100667001570522,0.06142832505431347,0.028401151369392773
21,-0.0010110014599770895,-0.004953045748516281,0.00709702505539783,-0.004058573286932958,-0.006119462781408186,-0.0021269236661000538,0.0037657542673844102,0.001171117805146936,0.004398993319325954,0.0018944789146242305,0.009650369493335987,0.006265580202516583,0.0018743530914262486,0.00021175245987515437,4.3786409628773586e-05,-0.0002792223041556954,-0.0009368559908078035,0.0020451386617300355,0.0008258093187164326,0.6179532540356054,0.06310986712897909,0.0474818649687739
22,0.017608248817383966,0.0012832623722796737,0.006567269415652081,-0.003999503336120619,-0.007129814735296827,-0.003133351653088236,0.0014669693943684058,0.00082644445485398,0.004342882512723508,0.0018797994877069145,0.009354206921270987,0.005805905414597993,0.0017811838202279858,-0.0008700206065444246,0.00013127263223253476,-0.0001992735309733509,0.0005915801469040501,-0.0008755664743339815,0.0038131379722749366,0.8989322204817367,0.0875057583771458,0.024797546626435713
23,0.0024567913481325985,-0.0060551686210856106,0.0072807066432060835,-0.0028192269344240817,-0.008353467706810187,-0.002970311274253624,0.000642871712060708,-0.0006631220508951293,0.006209209805147166,0.001829336434166696,0.009482126349567676,0.005928995882236437,0.0017904213667732393,-0.000716400915261165,0.00013549178468229463,-0.001107383039296947,-0.0005603927726318867,-0.0021994541798082056,0.000972902102608638,0.6372179752918662,0.07432672114321227,0.07359660717789172
24,0.07968652816932245,0.007750628142436411,-0.008724659900354212,-0.010647123735520198,0.008144767799161793,0.01581361325703566,0.006117384668157014,0.01568486875251353,-0.0058849214302746445,0.0019074483981242596,0.004361242555504816,0.0017269024861065766,0.0016509593636131025,0.033584261973690556,2.9017974603247366e-07,0.0013589172053722917,3.7731498027956164e-05,0.004821827511982169,0.0724988192707969,2.090551680213445,0.00950868573409476,-0.00534615081064885
25,-0.0095613578949449,-0.020578687190832036,0.007426492674407139,-0.0031780226959104304,-0.02263270011911894,0.0007769185868607547,0.005778252258607402,0.00016481935566306467,0.005707189053953778,0.0018423817384959048,0.009553424438588828,0.005737919923114226,0.0016978028104579865,0.00013088248251995414,0.0005946060127074989,-2.0555978508092985e-05,0.0016845821262490757,0.0023702707290901813,0.021166699799782748,1.1139697425415473,0.09657516356892204,0.13259729490556244
26,-0.002985398785071979,0.003450560314627058,0.005274402759437,-0.002219072925735356,-0.019981530015321797,-0.0012672094830353123,-0.005735539152322944,-0.00034897267044668674,0.0064280075828636405,0.0018242922975259745,0.009690066825136845,0.005481345556837177,0.0016528791802635347,-0.0003611432048947684,0.00018747039431828342,-4.9430388491985515e-05,0.0003109746197185701,-0.0024018660458199584,0.0007893418328911936,0.6409844946676936,0.07281568548609084,0.08530439007612813
27,0.18626379049879535,-0.09764507240023115,0.008071691917891017,-0.018983513615835508,0.01084826352880694,-0.0008991194747964955,-0.01990019861109894,0.03285296231628181,-0.012512263263543693,0.002021098347002148,-0.020757260432390713,-0.0004684483240158454,0.001537336950330561,0.018181480159997064,-0.00043853830443320644,0.0013332167327519244,0.0006794124286241431,-0.0012791600017149334,0.03586333897223199,2.3116835914982206,0.2706669914192849,-0.02410034519297809
28,-0.0510078900397822,-0.031223623248155932,0.002167949594282334,-0.0016150609236915085,-0.010358161137679426,-0.007809208253435061,-0.006162969194662553,0.0008966634986530683,0.0009341738957407336,0.001982664413447782,-0.03813678070104903,0.005462013834113513,0.0016728720971727993,-0.0011870225549601,0.00016205594787009796,0.00122111332856266,-0.0005542242057941768,-0.0013438351046335647,0.005612088871890451,-0.10141376705917408,0.0010852727052892545,0.10180266107271668
29,0.02691359893066167,0.019063459588045107,-0.00047301992840586925,-0.005264168734696233,-0.006344372386019512,-0.0034402421221046238,-0.0022097735279653927,-0.004892016597400538,-0.0021182817231241396,0.0022784308983239175,-0.030155816214647635,0.006724585354659182,0.0031293181441405128,-0.00040835099217070224,0.00013606518337931333,0.0007357775441523918,-1.6809145395787764e-05,0.0053974609438161535,0.005068609481331952,0.8660582330015772,-0.06617541415967879,-0.03865998275723701
30,0.007559242930532587,0.00993461111252562,0.0022145077731165414,-0.0011794854343226363,-0.010257767746948183,-0.0025077482637091944,-0.007531541269124913,-0.004393318462904276,0.000771029468327135,0.002005029081873393,-0.03733845914716459,0.005044442103383865,0.001721048360368214,-0.00016401180816016096,0.0001205442915430762,0.0001651843119453549,5.062894611586068e-05,-0.0034473812165640274,0.0005189346547735485,0.545602561105824,0.015121356685610573,0.06446425039311825
31,0.029964743077777415,0.02150496845319498,0.003000774693919259,-0.0032148484106517463,-0.010704199184868141,-0.0032325481745478298,-0.004825742714420878,-0.0032582594750978806,0.0017490119828578016,0.0016614785329872861,-0.03476790100975026,0.004719478062828491,0.0017308609024421471,0.00013284915888423442,2.20297451109045e-05,3.4508211398754e-05,-0.0005254090314062679,1.3794289254853565e-05,0.00301958674736924,0.7318773138252394,0.05953868131045099,0.00863512445999535
32,-0.007868684066666244,-0.01280194659096883,0.0005146687982469944,0.0013157542697656863,0.0008648343977180536,0.004275241380978062,-0.007351239579374219,-0.0001643550418774733,-0.00041428027412977823,0.002262164027970332,-0.015224629608752444,0.0023609350714938,0.004038486972639501,-0.008188933185956891,-0.0007498849640902353,-0.0001640432556980761,-0.00026736127335148373,0.00015336635424343623,-0.00048612967725558985,-1.0177253194463962,-0.09207969319256507,0.04906157687847092
33,0.003881108334372492,-0.01373101419158901,-0.00211734940960093,0.001402467681815083,0.0023842155755404142,0.001988292446710098,-0.005552537326294246,-0.005973899793774985,-0.0023028331875008345,0.001555661056023687,-0.013233767538027628,0.005459729173019045,0.008113144566852923,-0.004611709575905064,-0.0007499774147802227,-0.0002213118893513133,-0.0007275972068535331,-0.0004843228158381221,-0.0016476385870580275,-1.3750563315141906,-0.11999929587117666,-0.0588807561682825
34,0.003041274027747609,0.0031411780501000206,-0.003081681501369469,-1.2232168616705506e-05,0.005044639519654293,0.01579569299573224,-0.0034801760536829827,-0.007979497791821331,-0.0008835596726464504,0.0025737599814210192,-0.01485064976087465,0.007743187661183319,0.007879191274005748,-0.001591988706802058,-0.0014640753803966899,-0.000416810083445769,-0.0005823572904575087,-0.000395693084761054,-0.0014368661865769119,-0.4810754579928879,-0.0954757846164425,-0.07334459839509949
35,0.014855269714989076,0.017928029687991322,0.00600075258437366,-0.005942635656266844,0.004079505216679428,0.0061732488987562345,-0.003087620403591431,0.0022029161458910146,0.003505044379584054,0.0017220746360831678,0.007454915183170602,0.006661164197575743,0.003198525259809361,-0.0007448452321763143,0.00011087445100268647,1.4757957256974832e-05,0.000376195174939542,0.004441642051739106,0.0012425890715229199,0.7920468166809979,0.06365530975839966,-0.05641950624811565
36,0.014684339109424885,-0.026727097897722853,0.0049405297272586066,-0.007281628707895287,0.007223858252092825,0.0012467269635124513,-0.012623904628954104,0.0009432751319362061,-9.594288794554673e-05,0.0021628073199536245,0.010016688817707817,0.003964310037213408,0.0019412375922826855,0.0011513592250890752,0.0006842288711747868,-7.969975433957806e-05,-0.0006296329515287429,0.008267510257769384,0.00039717705467438814,0.7015769382344486,0.09163086942380012,0.03327508434259456
37,0.009732221742158513,0.01621133373847185,0.008430390746548657,-0.003909968531594449,0.004492272828251905,0.0006615323990723684,-0.002215553135315982,0.00016656950970655437,0.00499590937201097,0.0018535251841905055,0.009884141839338539,0.005807618179463955,0.0018792684918421498,-0.0003406197299209768,0.000312420977679309,6.964956033368591e-05,0.00040286524332724526,-0.00195645429331058,0.002174834848486204,0.879078213230801,0.08136124171842841,0.026910834576496317
38,-0.004900506179360483,0.008866608870453227,0.010486277908209128,-0.0024376943382624695,0.004452203354624724,0.002020683992147093,-0.002147513184956487,0.0010460231594251095,0.005150131836299993,0.0018391660436648026,0.011678545918025416,0.00584301326001817,0.0019070612856874247,0.00039566859716809455,0.0007699435443824809,-0.00026596513384816433,-0.0003278086092770146,-0.005855814968092908,-0.00027209889506779226,0.45133942651927667,0.06139247157289132,0.060514615624605396
39,-0.00320119865632514,0.009869224747857168,0.008684399130363665,-0.0023733897049517485,0.004829822337621507,0.006999310997974307,-0.002347065075843733,7.475233256754256e-05,0.005776493465941067,0.0019469127284080846,0.011198560889167592,0.006064770503553141,0.002016029052519223,0.0003887518517716643,0.00010664601079687401,0.00024084197229560833,0.00040466033705983874,-0.0036114292349970177,-0.00018722467315501217,0.47001908818434085,0.08407382426011652,0.04297578212859344
40,0.01384158680970616,0.01842788207948282,0.008690218484396094,-0.006728606713992306,0.003962085356394565,0.0045366218703529115,-0.0036252791334463455,-5.241952001031252e-05,0.003603611561588976,0.001880766812229164,0.009963108031753473,0.005415680545492453,0.0020031549053230583,0.00014088625156296843,-1.8092287033570524e-06,9.22717510276291e-06,-0.0002586058616149835,-0.00147533491162663,0.0039006948561970903,1.0160951778250658,0.06833474402742723,0.0028328956917617132
41,0.02054575339086097,0.012836096598526267,0.005383471897168473,-0.004551503240189532,-0.0031210469562963014,0.004256119566463817,-0.00372544673416473,7.390765901942376e-05,0.004184658416997363,0.001721829264899315,-0.04169463866131041,0.005954946823562391,0.0017794154203129896,-0.0005027157438069385,3.649648281153084e-05,9.982261831800101e-05,-0.0001168867622159374,-0.006114506610633338,0.006281739552313995,1.0118733433203904,0.12390372197106053,0.0747445853221724
42,-0.007262067184303449,0.008143631721530297,0.00951119581358112,-0.0022972590642202366,0.009418088958305617,0.006356336717194445,-7.746157130441598e-06,0.0061867196267018625,0.007118071434196448,0.002042699588340818,0.009980694787124976,0.006439728749756428,0.0019247444702122558,7.765865845787519e-05,0.0005462872322142678,0.0002675053266139128,0.0007520016664135964,-0.00891036579494572,0.00028951670121189207,0.6080264270728828,0.07984103203678719,0.07808129874064286
43,0.0020753151591272057,0.014644036603081246,0.008940021908444229,-0.006490945211147759,0.0048846737058530045,0.002438115783367837,-0.0005972880835098185,0.005507176542736459,0.004267534306597917,0.0018841208252123372,0.00947344662024246,0.006668097686414716,0.0018110611163166363,0.002871961218009928,-4.704837845336113e-05,-0.0002476080263307692,0.00047375814903124146,-0.0019074941700779732,0.0022847939470771934,0.881792414590122,0.047630301780958596,0.020102028405383734
44,0.022119421125791138,0.017041938035662573,0.010753464969926062,-0.003826604776820946,0.006116660830285092,0.0025087204978616715,0.0004714912485639513,0.0041118347642837465,0.003577349165881649,0.001910579799166488,0.008797645450038975,0.006680349046717044,0.0017527732085523273,0.0013654883024497046,4.149104310722777e-05,0.0007662184737538269,0.0009206622617621294,0.0004016426814271718,0.027366083177445856,1.2380242055179564,0.09401133035480058,0.04921733417826998
45,0.022067598402400742,0.014805577336793717,0.00851242943903827,-0.003993903368107271,0.011384373029068758,0.0031148948558544567,-0.0025414555125425273,-0.009189518206703688,0.003911301020823213,0.00199405197044034,0.010285183804821718,0.005655475820310336,0.0016552438222101511,0.0029010674855605777,-0.00025422721458572976,0.000763774868586879,-0.0004497147131069836,-0.0029072916918100396,0.008267151754770137,1.1223739676633075,0.10654098094606401,0.05032299797508641
46,0.02380598689365703,0.021072994336173753,0.014142955409297992,-0.0036870932971428258,0.003865989618730626,0.0021268808105919276,-0.0016828031474566754,-0.009939161171107986,0.0056155311228135085,0.0019476756164998107,0.010267427061137764,0.004814833399210994,0.001584440788292989,0.0012060304563392625,7.517490470669278e-05,-0.00035306110257309173,-0.0007568653163163131,0.0006783199752394822,0.02217457126872641,1.2111938823534711,0.13022356735430116,0.09805098615812036
47,0.010947141163559819,0.0018388942918160921,0.0014381115110602227,-0.0024468300460402208,-0.03185718059367493,-0.005263727065883157,-0.0026289596917883195,-0.011893014681255917,0.0037466216319177416,0.0017082196180585314,-0.04091193171173457,0.005605773420849991,0.0014008226800452043,0.0014101199625165945,0.00020674761161008516,0.0020923988132010127,0.0013965137697063204,-0.0012377358625998976,0.0019330945214153024,0.7061718960789516,0.09051487187503894,0.08133431525902192
48,0.030304693250650126,0.009049118449661126,0.009092596294708079,-0.005539862404389446,-0.0019245379769351778,0.0013990601109607798,0.003635116236637464,0.007514026131128607,0.0018867240743736975,0.002359483512000753,-0.05033486540133158,0.005941210540672094,0.0016711935877886685,0.0035030338391034807,3.179306170099214e-05,0.0008529617587760593,-0.0013176988277535386,0.0004371722673421786,0.012541111475956107,0.9687641010676153,0.12475978822839016,0.011458606489127245
49,-0.00029134291761263853,-0.0009341927349185159,0.010263819061123872,-0.003918192785372143,0.012836449592270247,-0.002549775462725503,0.0022329649500370447,0.006574042237026609,0.006244215116480269,0.0022917706063399906,0.009251794042453743,0.00709560886223884,0.0017099664459704178,0.0013391015361607771,0.00011118886740401078,0.0002709437850535025,0.000676738577854065,0.00020680553061048628,0.0024905575622324394,0.768614659393245,0.05151600157094256,0.08955792268076873
50,0.01146199629462073,0.0002962224852201781,0.00964625424791848,-0.004022077365100818,0.005438878546352727,-0.005659948994220059,0.0026121034375011397,0.0036675959152055733,0.004934219995190221,0.001979682945729297,0.008534300176259595,0.007444645155544097,0.0017642539604267983,-0.0005566695887158314,9.247189641918362e-05,0.0016859605699196215,-0.0010321190836924225,-0.001110024608472642,0.003956622713062124,0.9177626934620299,0.0902831960412008,0.03128020795651697
51,0.018868405607715733,0.009843445545966263,0.010585700130887625,-0.0028279896368524587,0.004096278145326476,-0.006380873177558162,0.0010282412881401075,0.00398260597949181,0.0053129356578558865,0.0019966126593240997,0.008548381611473664,0.006892586260458108,0.0017123922770917654,0.0004000696826434637,-2.1376932642387303e-05,0.0003678226671202102,-0.0009216673698266777,8.261334432304511e-05,0.007969608281959336,1.039219498352705,0.10929151541705623,0.0499473114052413
52,-0.014526383529541215,-0.008091217486839376,0.009952464855145279,-0.002432352566981394,0.005088971754928064,-0.00605681187839176,0.001630679318476597,0.004557995194121558,0.006617366677553717,0.0018312256049176673,0.011303572656640731,0.007187176453951922,0.0017944434245973388,0.0015236808026928954,-0.0011840835980084583,0.00019736473231425595,-0.0009835449542711571,-0.0008058504604524847,0.00017770248365215295,0.288591062278836,0.059650060755831014,0.07779357990377814
53,0.07987031561965474,0.015983162027411887,-0.015693583043946066,-0.013713382535607058,-0.0004789563067168236,0.021279096030141765,0.008381348167214902,-0.008676169603979739,-0.006586995280074441,0.0018722106543430886,0.0058143862542171,0.0017234012773787051,0.0018275327763588515,-0.00810137544828391,0.00016648922229672196,0.0003396738274714798,-0.0007285002766546631,0.01876247096343367,0.06454192831451548,1.993781822645449,-0.021320122045881195,-0.06434888094180913
54,0.004339546959870003,-0.021072209786287342,0.013083825308636454,-0.004568188257230902,0.00379463096519579,0.012327384114005783,0.0031908187779265246,-0.0006955450298115507,0.006210947365979362,0.0018039524330433414,0.009129669005838285,0.007320309988417429,0.0018106565481428776,0.0015260078286170266,9.405003995643704e-05,0.0008118235160647912,0.0011336993247026978,-0.00012478777640863797,0.04853853476925869,1.3536840926873779,0.09742393151900115,0.1673307438168061
55,0.009616272373443766,0.0009295102398073032,0.00942236752472885,-0.0029721170804117604,0.0018050931916108546,-0.003856179285693301,0.0011940124687302158,0.00025370632726572307,0.006795188576090465,0.0018263827213456099,0.009291881594182552,0.006655449460803019,0.001836497345468631,0.0003863022589151259,0.00010761886902975914,0.00044157781670344057,-0.0004703209756275932,-0.00013295870140441832,0.011246932810951751,1.0583421137514466,0.09471222579513601,0.10918446056003103
56,0.016471011537449603,-0.0026349025305603523,0.005334207774434624,-0.0052626208699672545,-0.0026967607844830275,-0.0024929497250451792,0.0018000411568911757,0.00047008641905872526,0.003867682834385595,0.0016906728808785318,-0.04139778708910539,0.006305712273061507,0.0018210945552769987,0.0004506525735328939,8.19770536001851e-05,-6.64284481971454e-05,-0.0006831618455166264,-0.00047396365054631635,0.005927543610639289,0.9515701094985637,0.0818770815560579,0.059660830777214964
57,0.08394347486245217,0.018221439065536058,-0.00634403522868559,-0.008996363980332607,-0.0007500531350636873,0.017517486068766946,0.0020451955913441404,0.0011642008380514347,-0.009284886951027863,0.0017738959050328258,-0.031023016084716488,0.0026905547893908083,0.002129848414459027,0.005265893617434378,2.142738080718138e-05,0.000682808337825833,-0.0002873256157975877,0.014221320653585856,0.08065055183918325,2.040112798694276,0.02162200430944312,0.0061404968731913175
58,-0.008395885434600046,-0.023056055948578836,0.01367736484822636,-0.003536139311744943,0.002982745914250495,0.011622356965191226,0.0024952369349991936,0.00021063681529583686,0.007595926808648188,0.0019669264873141876,0.008936869247984308,0.007886750025650787,0.002255183522549659,0.000608617531447376,5.0531547909987015e-05,-0.00012676823324292465,-0.000794144805278822,0.0020129895701196817,0.03566085394575964,1.1958584866012592,0.1234381832666381,0.16329329939765663
59,0.021702098278940193,0.007020345171587757,0.011516458136281955,-0.002855224929125101,0.002248195505776057,-0.0037674728120840125,0.00029673722617616177,0.0002478205790419431,0.006080697344195618,0.0018897407480603387,0.008731976760755902,0.0061906172930457255,0.0021761921293158766,0.00040508245676691115,0.00010346636362489905,0.0004166160527148695,-0.0007310442534336521,0.00013535000748796344,0.014621155773831464,1.1019956506827133,0.13166171119736148,0.09041996137322972
60,0.018663492737549667,0.0020840752685110384,0.009263704615707523,-0.003297442089446873,0.002969034653784576,-0.0038754765582111215,4.423723438905705e-05,0.0001289679574910226,0.005596018346715749,0.0018784183422471928,0.008424808280897155,0.006724199279425497,0.0022371477640529976,0.0015748235248024076,0.00011121988803630827,0.0004876922409311183,-0.0006920073392167736,-1.6991951366223692e-05,0.008702804525532739,1.127558224207547,0.12195511430140488,0.0729823845352239
61,0.03736267965616089,-0.0016063725057803612,0.00793605719147846,-0.007239205355953374,0.0026251825976827004,-0.002817706499512974,0.0014901736563955428,0.004158951179061953,0.0003373839131515218,0.0017471960912169946,0.008249877237259944,0.005885102172806423,0.0018182032077092864,0.004799792665633702,0.000155235259235452,6.885616169023663e-05,0.0014046488938341342,0.007845791749989502,0.04118934794457223,1.4922170881953796,0.04598652825326834,0.06125908152499839
62,-0.009186315777418342,-0.035282945082908114,0.015007964050896192,-0.0028869631232767267,0.004830665391636662,0.007817382530013826,0.01467594383787964,-0.00047209373028099267,0.004946209629346515,0.001918037181026338,0.008746083622357683,0.005174682717373868,0.0018956293572555323,-0.0011259343168996132,8.001668884330157e-05,0.00042699054003443793,0.0007249434835339313,0.0015961120003370785,0.024474219142450408,0.6279431788411092,0.17344628075876947,0.14934194572781928
63,0.05343733305793024,0.005547659779729253,0.01321498462204844,-0.006274861193283281,0.00703453349659801,0.0012156729431045273,0.0010130019741253426,0.0036587353253780775,0.001771195975023134,0.00217676048984403,0.009647820951841172,0.005280730550224161,0.0019131658079913692,0.00033398683344776576,0.00025136566030808705,0.0002527031081466067,-8.761429901659814e-05,0.00603281783111329,0.044140690173154126,1.419721363548919,0.15332444515142946,0.019356996201696754
64,0.04763412872099744,-0.0035855031609957097,0.01073519613361092,-0.004079389767611503,0.003947872779852923,0.0007629852483529378,0.004382684462719455,0.005723992056715107,0.0007403654561195008,0.0018650175752006235,-0.04266775421121834,0.00601286018371685,0.0017481162540671914,-0.0011382896675364853,0.00026929947116680915,0.000525640312566861,0.0001376222929780787,0.001055099965795457,0.06372730984175737,1.5843679477383505,0.14111292254798494,0.16237530087892973
65,-0.0030065742120348052,-0.01309728267894521,0.0035253807426071497,-0.001992482017636723,0.001853907396455764,0.003788732674361579,0.00816834760771644,0.005378845005822703,0.0012848065327665692,0.0024133037009994953,-0.02903994438901704,0.007698590351714711,0.0035300390095630908,-0.0047043410010732985,0.00018760472928906475,0.0003491796443584966,0.0015633792456148986,-0.0006638458783201868,0.004176738458933938,0.5842778178637795,-0.05825122890528505,0.10984440980156407
66,0.023531866661086198,0.004985218148482848,0.007245694758253715,-0.014011179827840912,0.0021728907214625093,0.0003653318036431139,0.0017999720470160776,0.005336180782465117,0.00021248198152638,0.0026162076925230924,0.012387628082765823,0.00606402765339407,0.0019275531206636165,-0.00034206069402855586,0.0001479253998576331,-0.0004232124991292495,-0.0018544963062161308,0.007568666700110136,0.040162490552495114,1.270288900581718,-0.04418469394243724,0.0280520434443451
67,0.035422987678762,0.0009738188960602361,0.011850685401390467,-0.005569823196507868,-0.0010126741816199472,0.001635466536277722,0.0026877045467458166,0.008433373369668904,0.0036454469749914002,0.0018393952928141518,0.008934942848744595,0.006470352280361527,0.0017915454671050617,-0.00102754390081381,0.00013266358947197697,-8.113960730784686e-05,0.0018679418346388213,0.0020088242830376274,0.04921319011269537,1.4226417001113436,0.1300792653932601,0.09796007548618989
68,0.04180608029291234,-0.004040010160686226,0.017417214534254807,-0.0046363555851506215,-0.004657483737365409,0.0036392619170375405,0.003088055451810848,0.006343041420871276,0.004975556161806926,0.001955217056274511,0.010163901970935214,0.00588802181951386,0.0017433242943783042,-0.0013517761068494987,0.0002291816338038199,-7.703301647121939e-05,1.1031489245520746e-05,-0.0017111062956447155,0.06987645667151042,1.471093624229453,0.16625766117439794,0.1609334008490655
69,0.038605113757442334,0.00013176464426066558,0.0160843565858753,-0.004884315259176115,-0.005608074176874161,0.0002043057961691645,0.0028095142926138164,0.006737011818421458,0.004699334494629065,0.0018793152225414342,0.01017015468987883,0.006420708487723582,0.0017405652548431207,-0.0010479694598143937,0.00022203480678679085,0.00012997326219009496,-0.0007566017159679735,-0.00013864297072115335,0.0663741222322525,1.4608634475336035,0.1514870078414175,0.16257774110129564
70,0.017444953574506684,-0.00545458146915829,0.011896082215497589,-0.003862945407210965,-0.0036114434167520792,4.819762928014785e-05,0.0022196031203409144,0.0020936573125045765,0.005854296244364176,0.00183789979415045,0.009672515761845621,0.005948466657988157,0.0017359292413022956,-0.0009681695752395732,8.800887304315773e-05,0.0004349433649158612,-0.0007362641356208312,-0.0008452572241515142,0.04283964255003264,1.2658439198976985,0.07481885030330479,0.12845951225591248
71,0.041430270936089086,-0.013626235692799315,0.011451895616213957,-0.006067654727166117,-0.001858918579848898,0.007041367581309155,0.016964976478799854,0.010501474498375265,0.001013124877704161,0.001872514822660063,0.007356509645323711,0.004146558463801952,0.0017355908441100978,-0.0021939761408557162,0.00012994037162350234,0.00022001826746873877,0.000566299280489705,0.001107455458416974,0.046290600319746446,1.4268386855415198,0.18644393933429,0.09353542061772165
72,0.05954870871430599,0.00295403939752315,0.006753342350585323,-0.009588118861575224,0.002984998323317089,0.020162229056193765,0.010604818219059915,0.01714648355436536,-0.0004981941596145622,0.0019566082852184707,0.006245290903954303,0.002987240811151741,0.0016433088931900215,0.030633947898635248,0.0002237872775433576,0.0011304885542296923,5.842917906350879e-05,0.0011333218218222774,0.11853219287543916,2.1807657429950704,0.10705638710182215,0.13301763947442094
73,0.016452842132382968,-0.020575958457317273,0.015677489984846218,-0.004541336031531316,-0.021845382239943492,0.0008226566769067337,0.005251618971734386,0.004327020206553433,0.008662959066174113,0.0020049422877141143,0.009470474077018145,0.004651790527532656,0.0016359678172073594,0.003909899673952729,0.000671530758148488,0.0004704673741511148,-0.0005634037968446655,0.0029384510842150146,0.07932225697211397,1.6673277604179515,0.20644047992432882,0.2403933365245432
74,-0.0009708944243658694,-0.005035123573965278,0.008627866974212408,-0.0019775445908322654,-0.021813609078138067,-0.004268784451142475,-0.006289848189563007,0.0002526059646311515,0.008810959180283875,0.0019104396231191657,0.008717194779025347,0.004819583667133761,0.0016634307837428205,-0.0011588389317405126,0.00021860460023135953,0.0004317571841606454,-0.0008324434205139828,-0.00275495671023354,0.0071209235121937305,0.7275872825780884,0.15101404145899394,0.1297419749295736
75,0.03310706106312862,0.015126042350282103,0.0031869298065998913,-0.004963454299654818,-0.011135025718171236,0.0015581939507146553,-0.004909334022387766,0.0017118668925431438,0.0002961808228040981,0.0016556215569119243,-0.04889724634198437,0.005142763699630263,0.0016089778186028794,-0.001063505310680912,0.00012746676532769698,-2.744693840127424e-05,0.00046868105443973785,-0.0020328765986494003,0.00958937667015347,1.080519074239222,0.10858760662133422,0.0332541336984207
76,0.032523051926765675,0.01164299869507632,0.005765972550998336,-0.00328860908858408,-0.007957948142474216,-0.0012602720519702137,-0.004471215903662444,0.0009114865334388704,0.00390493509633714,0.0018464680002657527,-0.03775804468465677,0.005323842568018209,0.0015712253401163165,-0.0005514342670635126,5.352896788134532e-05,-3.098568517661093e-06,-6.929570887591827e-05,-0.004880848218369902,0.022252289712108637,1.1634464940522762,0.13366613686273193,0.088518778508521
77,0.028509430445825865,0.008406430996235864,0.0034051392253163825,-0.0031013278654796264,-0.008844246911168654,-0.00019833094603207953,-0.004518416510728665,0.0006462291382094944,0.0034275842360092876,0.0016976800212026935,-0.03904069180203056,0.005601960897060971,0.001550603847852543,-0.0007181309474860931,-7.148716302465335e-05,0.00020949079671037492,-0.0003279122367813867,-0.005125678488653461,0.008676304418507847,1.0686931424385617,0.0966449659506219,0.08964362542587954
78,0.014340883011650363,0.007677172477935221,0.002727531086288323,-0.0006212371668665915,-0.009717507737574698,-0.0025596899820948434,-0.0073887567494735976,-0.004593884610198854,0.002366093048996243,0.0016636344250747235,-0.03579431363661915,0.0055022571186204095,0.001645673386806798,0.0002305616681195951,-0.0008355282676071195,1.4647420899892312e-05,1.3847684644089919e-05,-0.005355465601575531,0.0014523357526894604,0.6444551187030112,0.10119806719876974,0.08602440727554449
79,0.017334038756717057,0.004458591103067082,0.0029398960184722597,0.0006314073046350266,-0.008664282753156687,-0.005510373462804692,-0.00889486693850067,-0.004058844025677632,0.001606153063913534,0.0019125822107403806,-0.04371063138902452,0.003739652243524467,0.0016620938556912862,-0.0013689316432664393,0.00012880038179757667,5.93563886553973e-05,-0.0004425828558349256,0.0010397007107533728,0.0004962601249327162,-0.010028542168981677,0.12063733977043203,0.032322489919213715
80,0.025015223086271618,0.019540676753235304,-0.0038373909504005113,0.0015782671493896007,0.0014489467098797969,0.010438286197495315,-0.0010047796774528422,-0.00017231591587296176,-0.004255340096125076,-0.09458183226170207,-0.009502752602626917,-0.15683694254087888,0.0015497577459913847,0.0026353712578860078,0.0001221113303897403,-0.00021183950052166534,0.0007348373898440419,8.11318996784305e-05,0.0029294291686147427,-0.16810152271731932,-0.0025350388361321577,-0.009752773896570286
81,0.016453208868936448,0.012620286524551397,0.0010061211922339317,0.0007088577934874082,0.003169646468702573,0.0072990073729608945,-0.005559065640814483,-0.008808203683251196,0.0005393776269937737,0.0017631337004998995,-0.0332069295295791,0.006137121452934178,0.0027818616315150335,-0.0010178273473358023,0.00013873594242870785,0.0001393408655529214,-0.00035270421605053214,0.0037638503390622865,1.1426033933828619e-05,0.4087610485725626,0.028007812737257397,-0.03839752613278719
82,0.010246522633309224,0.01233570394132247,0.0037897058771353184,-0.001980954938062495,2.0800197831582565e-06,0.006812680246271624,-0.00523366886678138,-0.0037707645918778833,0.0008673782900663703,0.0015375862946184202,-0.03362709416661544,0.004776757301554416,0.001875802321032579,-0.0008972988278607001,0.00013892583514916033,9.917753823176328e-05,-0.00032890061590884755,0.0024807038613494942,-1.74167092702641e-06,0.5212452151094028,0.04514403394933409,0.004766341964110491
83,0.03162194323853086,0.029331361178281518,0.012325254728251097,-0.0040848465507890026,0.00882929056333112,0.007414374456032299,-0.0022167457083743904,0.0016469975020760824,0.0037067642752329137,0.0020379112248926304,0.01023738001706992,0.005676069556201864,0.001970544242259283,-0.0009902208157478978,3.8903193458587905e-05,0.00037895608701421046,-0.00044730171716831697,0.0005714846948698939,0.020910059702130383,1.1898235086803899,0.12799177900746728,0.01277909228478359
84,0.008269414757459103,0.00781746182485184,0.011326879678612593,-0.00255735066251804,0.005961527375671281,0.0016463590272126954,-0.0033459503597805377,0.0006789424596187169,0.007183443306818688,0.0019380100868779972,0.009334202210103554,0.00595784132293792,0.0019124700429786934,-0.001003635542199697,3.255805018668118e-05,-5.729610934546485e-05,0.0002403134903551831,-0.0025715126620604245,0.013972008938401852,1.0512129340374332,0.12885090626707224,0.11398448770756549
85,0.014246383108678207,0.009875546941748374,0.006541090779113757,-0.013405326019066025,0.004541200998661953,-0.00674046884769981,-0.0011919797573272184,-0.0013632990466518325,-0.0018130108580934922,0.002328000392482725,0.013629682657722934,0.005716320300171561,0.0019265752161804056,0.003500775161297255,0.00029531737768582236,-0.0002089912903986889,0.0007461130398660293,0.0077043550878437336,0.04035012724689521,1.456921910611495,-0.032293817777558506,0.06513897488152556
86,0.020449782958654888,0.011597272342383193,0.013883730765033745,-0.004203887698599784,0.0034730752975351956,-0.0035409280562078483,-0.00243661531632278,0.00041564922964078943,0.006394150104596303,0.0019023901658623277,0.008627318717720277,0.006472203721041089,0.001879647566092958,0.0005485640761910818,0.0009960216960587412,0.002422303338567226,-0.00015086243601863838,-0.0013649340404452747,0.04693115814953925,1.3390534898717867,0.12646396009043567,0.13486287897396085
87,-0.007753226273726833,0.006152271250034316,0.01015047988074589,-0.00558113252615322,0.0040465354685030935,-0.001245821116664171,-0.0037950288559050046,0.0005878011505352998,0.006060800239942647,0.002248501365811269,0.014161126011370637,0.0062729085918994554,0.0019130609491015817,0.0007088684830050888,-0.004026242813810779,4.855353260999222e-05,-0.0006019517176641451,-0.003578046027783838,0.00481398446750188,0.7122838587115264,0.02253603955990482,0.1070958056195294
88,0.021060054469464143,0.018816550753438698,0.00566408785158949,0.000530800086714016,0.006159083481870709,0.00992126360990797,-0.0040369591240050195,0.00252790803949265,0.001996025672304362,0.00210789254247748,0.017795608502361348,0.012743609677160967,0.01117574519549622,-0.0005230376210466881,2.3040597035952143e-05,0.00028152539339073673,-0.0002497494424267366,0.0004155121146912244,0.019273758299531075,1.1555793548132312,-0.09569128952409911,0.06660698664896303
89,0.014583110734299987,0.012752735135503566,0.010230022931145473,-0.003180777693229426,0.0032109849013428646,0.004202825739203797,-0.0029542622656181807,-5.891068703002203e-05,0.005927624840115696,0.0018076766118373796,0.009274603306180467,0.006400653153982636,0.0019253491664202238,-0.00045816031925073776,-4.424463552278836e-06,8.667723549144942e-05,0.0002504870969571511,-0.006251408032390589,0.007549984669026509,1.1306682877924523,0.11451235467329678,0.08886002031854982
90,0.041932868470559034,0.016821827508832172,0.008556365961351934,-0.004404731625737455,-0.0036332222401650022,0.0004884372232347179,-0.0028833421458420616,-0.00026486247841432057,0.0021128687462458906,0.0017926199182451896,-0.03171540449643205,0.005819730992169015,0.0018503875393201116,0.0008015140928338602,0.0001426282851050293,0.00014742110893815278,-0.00023933070853323545,-0.0026504648298021185,0.0382770914072789,1.4093856665088516,0.1491033507080572,0.07961143162025826
91,0.02836407249903786,0.011246422920514235,0.011005178818512118,-0.003166428592790702,0.001679918511067708,0.0002710526003720491,-0.004644274526547193,-5.742622995275034e-06,0.006058874634266633,0.0018757048750402243,-0.03423537603525596,0.005376044990848794,0.0018078387360849159,-0.00032953715112245366,5.0165662699333795e-05,8.277038305857434e-05,-3.625712318730795e-05,-0.004526493034554425,0.03626849213482553,1.2226903028553346,0.1474580384897182,0.14202956249098223
92,0.03226640919693298,0.01494706740868644,0.010976090020089452,-0.004692669167727023,0.006436935576669143,0.009563169510587395,0.0002885642957190128,0.0038755013522305455,0.001742821395070906,0.0021689721104744234,0.008155376729313305,0.005744986886024958,0.0018551975783460963,2.440535338447972e-05,0.00011058566047470055,0.0005197179926076773,0.0009837632975299034,-0.0031525875688279735,0.038513949954178846,1.5196623986354012,0.14746973739012811,0.07256616063799225
93,0.008510933923214349,0.004987047725740933,0.015249655126813486,-0.0031715766206160596,0.006726234782775438,0.0036173594624398153,-0.0011021114056621502,0.005679571093666186,0.009049124473798869,0.0020398195737844705,0.008876969863569121,0.004834422734365013,0.001787332579476318,-0.0008685440466519269,-3.639615649673293e-05,0.00012203193034266795,-0.00021671834812771388,-0.0026148931149469153,0.034549800446666154,1.1902531195001325,0.1487105847588861,0.13871330577356972
94,0.014813137052212492,0.012685150510478546,0.011853587947815145,-0.003471797379126151,0.0052788573530052375,0.0022730165499285377,-0.0007485673149649921,0.004754053294553519,0.006030400060013617,0.001853524250322168,0.008444190999088412,0.007560680384377047,0.0017634806753000264,0.0026857945855243027,-0.00015609801119567034,-0.00022744651927937706,0.00034186370765192537,-0.006026756930224591,0.021017226257667516,1.2131590296290562,0.12485052415769778,0.0951401051568346
95,0.009743842450975973,0.012458503749526437,0.011000194704261928,-0.0038416742551178173,0.005673534617051333,0.002651823626945728,0.00019711774468946647,0.005203383077044549,0.006874377960003178,0.0019171950541200227,0.009522351480063158,0.006339237490663701,0.0016910634395629544,0.0006513786643507505,0.00036926722587240607,0.00026282436736409204,-0.0004655451428660089,-0.002980825037368715,0.020685409349496694,1.2135159869504004,0.08606508778611763,0.09558967709410214
96,-0.0022527263607811506,0.0037549551336760675,0.010407679837324794,-0.0020421463058075463,0.009475481529905265,-0.000921122780371863,-0.0019260930104080206,-0.005102444563440123,0.008413720837820054,0.0018243699276819286,0.010432019165736769,0.00512937429597796,0.0017144117900952053,0.0013738792925317054,8.415778929897466e-05,-0.00011482549001461596,-0.0009680353258853067,-0.005882573253865888,0.0007825085113782511,0.5898407145862224,0.13555103763925838,0.09812672681264498
97,0.03576203880453723,0.019650106054743672,0.010699708644716976,-0.007242939879841278,0.010928268899874624,0.0048681154294378465,-0.00019500707866976536,-0.010937367681090318,0.0019418106340508702,0.0021119577136302294,0.010253002756815606,0.004235210630666057,0.001647695851983001,0.00033790878096002434,4.4729232449755345e-05,0.00015552411531096223,-0.0005045188365612629,0.008127640141367373,0.03719801557475521,1.3829729304403606,0.0689376556708432,0.024726390928607622
98,0.01825696102706006,0.011914245205370804,0.015252733943402902,-0.0035385112596367026,0.004083891775852596,0.0005351335563291112,-0.001492176238003693,-0.010902582480791326,0.006034901247909583,0.0020805773574862534,0.010271769654317552,0.0047773944502532625,0.00159799597647384,0.0001622136455794398,0.0005591864606585135,0.0002971683063392758,-0.0005253628543604406,-0.001296353786185922,0.041308400052564115,1.2693552493200937,0.13718662080476537,0.12880067165577397
99,0.01297777836447386,0.002221547065701883,-0.0020386499365360722,-0.0013464103671120909,-0.03927888331619531,-0.0047548138185630985,-0.003728057056903904,-0.018203094951061333,-0.00024915707704627405,0.002245518637513399,-0.030099134419451553,0.008787901543184975,0.005153852424364618,0.0016864808119915937,0.0001315467991882852,0.00040750969075078255,0.0012230887025891503,0.0012618330365345121,0.0008661971752895374,0.6571982984425775,-0.06553418747406164,0.09043715910801116
